INSERT INTO nt_role (id, code, name, description)
VALUES
  (1, 'SPACE_OWNER', '空间所有者', '拥有空间全部权限'),
  (2, 'SPACE_ADMIN', '空间管理员', '管理空间成员和协作资源'),
  (3, 'SPACE_MEMBER', '空间成员', '使用空间协作功能'),
  (4, 'SPACE_GUEST', '只读访客', '只读访问空间资源');

INSERT INTO nt_permission (id, code, name, description)
VALUES
  (1, 'space:*', '空间全部权限', '空间内全部权限'),
  (2, 'space:member:view', '查看成员', '查看空间成员'),
  (3, 'space:member:manage', '管理成员', '管理空间成员'),
  (4, 'space:stats:view', '查看统计', '查看空间统计'),
  (5, 'space:note:view', '查看笔记', '查看空间笔记'),
  (6, 'space:note:edit', '编辑笔记', '创建和编辑空间笔记'),
  (7, 'space:note:share', '分享笔记', '分享空间笔记'),
  (8, 'space:task:view', '查看任务', '查看空间任务'),
  (9, 'space:task:claim', '认领任务', '认领和处理任务职责'),
  (10, 'space:task:assign', '指派任务', '创建和指派团队任务'),
  (11, 'space:todo:view', '查看待办', '查看空间待办'),
  (12, 'space:todo:edit', '编辑待办', '创建和编辑空间待办'),
  (13, 'space:comment:add', '添加评论', '查看和添加任务评论'),
  (14, 'space:file:view', '查看附件', '查看空间附件'),
  (15, 'space:file:manage', '管理附件', '上传和管理空间附件'),
  (16, 'space:note:readonly', '只读笔记', '只读查看笔记'),
  (17, 'space:task:readonly', '只读任务', '只读查看任务');

INSERT INTO nt_role_permission (role_id, permission_id)
VALUES
  (1, 1),
  (1, 2),
  (1, 3),
  (1, 4),
  (1, 5),
  (1, 6),
  (1, 7),
  (1, 8),
  (1, 9),
  (1, 10),
  (1, 11),
  (1, 12),
  (1, 13),
  (1, 14),
  (1, 15),
  (1, 16),
  (1, 17),
  (2, 2),
  (2, 3),
  (2, 4),
  (2, 5),
  (2, 6),
  (2, 7),
  (2, 8),
  (2, 9),
  (2, 10),
  (2, 11),
  (2, 12),
  (2, 13),
  (2, 14),
  (2, 15),
  (3, 2),
  (3, 4),
  (3, 5),
  (3, 6),
  (3, 7),
  (3, 8),
  (3, 9),
  (3, 11),
  (3, 12),
  (3, 13),
  (3, 14),
  (3, 15),
  (4, 2),
  (4, 16),
  (4, 17),
  (4, 5),
  (4, 8),
  (4, 11),
  (4, 14);

INSERT INTO nt_system_setting (setting_key, setting_value, description)
VALUES
  ('auth.registration.enabled', 'true', '是否开放新用户注册'),
  ('auth.registration.email-verification-required', 'true', '注册是否必须验证邮箱'),
  ('auth.login.single-device-only', 'true', '是否仅允许同一账号单设备登录'),
  ('mail.enabled', 'true', '是否启用邮件发送'),
  ('auth.login.failure-limit', '10', '登录失败锁定阈值'),
  ('auth.login.failure-window-minutes', '5', '登录失败锁定窗口分钟数'),
  ('auth.token.web-access-seconds', '14400', 'Web访问令牌有效秒数'),
  ('auth.token.admin-access-seconds', '7200', '管理端访问令牌有效秒数'),
  ('auth.token.mobile-access-seconds', '3600', '移动端访问令牌有效秒数'),
  ('note.share.enabled', 'true', '是否允许公开分享笔记'),
  ('note.share.default-expire-minutes', '10080', '分享链接默认过期分钟数，0表示永不过期'),
  ('note.history.max-versions', '20', '笔记历史最大版本数'),
  ('collab.ticket-expire-seconds', '60', '协作Ticket过期秒数'),
  ('space.join.default-require-approval', 'true', '新团队默认是否需要审核加入');
